{"mean":{"confidence_interval":{"confidence_level":0.95,"lower_bound":-0.003337031157178975,"upper_bound":0.0005898516433338925},"point_estimate":-0.0013478975790384151,"standard_error":0.0010079851460460352},"median":{"confidence_interval":{"confidence_level":0.95,"lower_bound":-0.00441278831913805,"upper_bound":-0.00008776756926565099},"point_estimate":-0.0019212551190722627,"standard_error":0.0013974299450763476}}